INSERT INTO CIUDAD (ID,NOMBRE) VALUES (1,'BOGOTA');
INSERT INTO CIUDAD (ID,NOMBRE) VALUES (2,'MEDELLIN');
INSERT INTO MEDICO (ID,NOMBRE,APELLIDO,SALARIO,CIUDAD) VALUES (1,'JUAN','PEPO',500,1);
INSERT INTO MEDICO (ID,NOMBRE,APELLIDO,SALARIO,CIUDAD) VALUES (2,'PLON','JAIRO',1000,1);
INSERT INTO MEDICO (ID,NOMBRE,APELLIDO,SALARIO,CIUDAD) VALUES (3,'AUSTIN','BABY',700,2);
CREATE VIEW MED1 AS SELECT ID NUMERO_MEDICO,NOMBRE N_MEDICO,APELLIDO A_MEDICO,SALARIO SAL_MEDICO,CIUDAD FROM MEDICO WHERE CIUDAD=1;
INSERT INTO ESPECIALIDAD (ID,NOMBRE) VALUES (1,'CARDIOLOGIA');
INSERT INTO ESPECIALIDAD (ID,NOMBRE) VALUES (2,'NEUROLOGIA');
INSERT INTO ESPECIALIDAD (ID,NOMBRE) VALUES (3,'ORTOPEDIA');
INSERT INTO ESPECIALIDAD (ID,NOMBRE) VALUES (4,'OPTOMETRIA');
INSERT INTO ESPECIALIDADXMEDICO (ID_ESPECIALIDAD,ID_MEDICO) VALUES (1,3);
INSERT INTO ESPECIALIDADXMEDICO (ID_ESPECIALIDAD,ID_MEDICO) VALUES (2,1);
INSERT INTO ESPECIALIDADXMEDICO (ID_ESPECIALIDAD,ID_MEDICO) VALUES (3,2);
INSERT INTO ESPECIALIDADXMEDICO (ID_ESPECIALIDAD,ID_MEDICO) VALUES (4,1);
CREATE VIEW MEDJUAN AS SELECT ID_ESPECIALIDAD ESPECIALIDAD,ID_MEDICO MEDICO FROM ESPECIALIDADXMEDICO WHERE ID_MEDICO=1;
INSERT INTO SEGURO (ID,NOMBRE,DIRECCION) VALUES (1,'SURA','CRA 2 #50-40');
INSERT INTO SEGURO (ID,NOMBRE,DIRECCION) VALUES (2,'PORVENIR','CLL 105 #5-10');
INSERT INTO PACIENTE (ID,NOMBRE,APELLIDO,FECHA_NACIMIENTO,CIUDAD,SEGURO) VALUES (1,'JHON','SABOGAL',TO_DATE('JUL 24,1997', 'MON DD,YYYY'),1,1);
INSERT INTO PACIENTE (ID,NOMBRE,APELLIDO,FECHA_NACIMIENTO,CIUDAD,SEGURO) VALUES (2,'WEED','SUAREZ',TO_DATE('JUN 15,1993', 'MON DD,YYYY'),2,1);
INSERT INTO PACIENTE (ID,NOMBRE,APELLIDO,FECHA_NACIMIENTO,CIUDAD,SEGURO) VALUES (3,'WALTER','WHITE',TO_DATE('SEP 15,1990', 'MON DD,YYYY'),1,2);
CREATE VIEW MED2 AS SELECT MEDICO.ID ID,MEDICO.NOMBRE MED_NOMBRE,MEDICO.APELLIDO APELLIDO,CIUDAD.NOMBRE CIU_NOMBRE FROM MEDICO,CIUDAD WHERE CIUDAD.NOMBRE='BOGOTA' AND MEDICO.CIUDAD=1;
CREATE VIEW MEDJUAN2 AS SELECT ESPECIALIDADXMEDICO.ID_MEDICO ID,MEDICO.NOMBRE NOMBRE,MEDICO.APELLIDO APELLIDO,ESPECIALIDAD.NOMBRE ESPECIALIDAD FROM ESPECIALIDADXMEDICO,MEDICO,ESPECIALIDAD WHERE ESPECIALIDADXMEDICO.ID_MEDICO=1 AND MEDICO.ID=1 AND ESPECIALIDADXMEDICO.ID_ESPECIALIDAD=ESPECIALIDAD.ID;
INSERT INTO SEDE (ID,NOMBRE,DIRECCION) VALUES (1,'ColSanitas','Cll 100 #11-93');
INSERT INTO SEDE (ID,NOMBRE,DIRECCION) VALUES (2,'Coomeva','Cra 12 #93-54');
INSERT INTO PISO (ID,DESCRIPCION,ID_SEDE) VALUES (1,'Recepcion',1);
INSERT INTO PISO (ID,DESCRIPCION,ID_SEDE) VALUES (2,'Recepcion',2);
INSERT INTO PISO (ID,DESCRIPCION,ID_SEDE) VALUES (3,'Cirugia',1);
INSERT INTO PISO (ID,DESCRIPCION,ID_SEDE) VALUES (4,'Consultorios Generales',1);
INSERT INTO CONSULTORIO (ID,EQUIPO_ADICIONAL,ID_PISO) VALUES (1,'Equipo de Ortodoncia',4);
INSERT INTO CITA (ID,FECHA_CITA,ID_MEDICO,ID_PACIENTE,ID_CIUDAD,ID_CONSULTORIO) VALUES (1,TO_DATE('OCT 30,2020', 'MON DD,YYYY'),1,2,1,1);
CREATE VIEW SEG1 AS SELECT PACIENTE.NOMBRE NOMBRE,PACIENTE.APELLIDO APELLIDO,SEGURO.NOMBRE SEGURO FROM PACIENTE,SEGURO WHERE PACIENTE.SEGURO=SEGURO.ID;
CREATE VIEW CIT1 AS SELECT CITA.ID ID,CITA.FECHA_CITA FECHA,MEDICO.ID MEDICO_ID,MEDICO.NOMBRE MED_NOMBRE,MEDICO.APELLIDO MED_APELLIDO,PACIENTE.NOMBRE PAC_NOMBRE,PACIENTE.APELLIDO PAC_APELLIDO,CIUDAD.NOMBRE CIU_NOMBRE,CITA.ID_CONSULTORIO CON_ID FROM MEDICO,CITA,CIUDAD,PACIENTE WHERE CITA.ID_PACIENTE=PACIENTE.ID AND MEDICO.ID=CITA.ID_MEDICO;