INSERT INTO CIUDAD (ID,NOMBRE) VALUES (1,'BOGOTA');
INSERT INTO CIUDAD (ID,NOMBRE) VALUES (2,'MEDELLIN');
INSERT INTO CIUDAD (ID,NOMBRE) VALUES (3,'CALI');
INSERT INTO CIUDAD (ID,NOMBRE) VALUES (4,'SANTA MARTA');
INSERT INTO CIUDAD (ID,NOMBRE) VALUES (5,'CARTAGENA');
INSERT INTO MEDICO (ID,NOMBRE,APELLIDO,SALARIO,CIUDAD,ID_JEFE) VALUES (1,'JUAN','PEPO',950,1,15);
INSERT INTO MEDICO (ID,NOMBRE,APELLIDO,SALARIO,CIUDAD,ID_JEFE) VALUES (2,'PLON','JAIRO',1000,1,15);
INSERT INTO MEDICO (ID,NOMBRE,APELLIDO,SALARIO,CIUDAD,ID_JEFE) VALUES (3,'AUSTIN','BABY',870,2,7);
INSERT INTO MEDICO (ID,NOMBRE,APELLIDO,SALARIO,CIUDAD,ID_JEFE) VALUES (4,'SIRE','CHINGUITA',1200,2,15);
INSERT INTO MEDICO (ID,NOMBRE,APELLIDO,SALARIO,CIUDAD,ID_JEFE) VALUES (5,'ANDRES','HUERTAS',900,3,7);
INSERT INTO MEDICO (ID,NOMBRE,APELLIDO,SALARIO,CIUDAD) VALUES (6,'DANIELA','ZAPATA',2000,4);
INSERT INTO MEDICO (ID,NOMBRE,APELLIDO,SALARIO,CIUDAD) VALUES (7,'MIGUEL','ANGEL',1750,4);
INSERT INTO MEDICO (ID,NOMBRE,APELLIDO,SALARIO,CIUDAD,ID_JEFE) VALUES (8,'DIEGO','TRUJILLO',890,3,9);
INSERT INTO MEDICO (ID,NOMBRE,APELLIDO,SALARIO,CIUDAD) VALUES (9,'SERAPHINE','UWU',1950,2);
INSERT INTO MEDICO (ID,NOMBRE,APELLIDO,SALARIO,CIUDAD,ID_JEFE) VALUES (10,'ANDRES','MORALES',850,1,9);
INSERT INTO MEDICO (ID,NOMBRE,APELLIDO,SALARIO,CIUDAD) VALUES (11,'JOSE','REYES',1700,3);
INSERT INTO MEDICO (ID,NOMBRE,APELLIDO,SALARIO,CIUDAD,ID_JEFE) VALUES (12,'CHESTER','PINEDA',900,4,11);
INSERT INTO MEDICO (ID,NOMBRE,APELLIDO,SALARIO,CIUDAD,ID_JEFE) VALUES (13,'CRISTIAN','MENDOZA',950,5,11);
INSERT INTO MEDICO (ID,NOMBRE,APELLIDO,SALARIO,CIUDAD,ID_JEFE) VALUES (14,'SANTIAGO','PRIETO',1100,2,11);
INSERT INTO MEDICO (ID,NOMBRE,APELLIDO,SALARIO,CIUDAD) VALUES (15,'LUNA','GIL',2200,2);
INSERT INTO MEDICO (ID,NOMBRE,APELLIDO,SALARIO,CIUDAD,ID_JEFE) VALUES (16,'HERNAN','CASTRO',970,1,15);
INSERT INTO MEDICO (ID,NOMBRE,APELLIDO,SALARIO,CIUDAD,ID_JEFE) VALUES (17,'GIYU','TOMIOKA',1000,5,15);
INSERT INTO MEDICO (ID,NOMBRE,APELLIDO,SALARIO,CIUDAD,ID_JEFE) VALUES (18,'TANJIRO','KAMADO',700,2,7);
INSERT INTO MEDICO (ID,NOMBRE,APELLIDO,SALARIO,CIUDAD,ID_JEFE) VALUES (19,'MINATO','NAMIKAZE',1200,5,15);
INSERT INTO MEDICO (ID,NOMBRE,APELLIDO,SALARIO,CIUDAD,ID_JEFE) VALUES (20,'MADARA','UCHIHA',900,5,7);
INSERT INTO ENFERMERO (ID,NOMBRE,APELLIDO,SALARIO) VALUES (1,'VIEGO','MARADONA',600);
INSERT INTO ENFERMERO (ID,NOMBRE,APELLIDO,SALARIO) VALUES (2,'MESS','IRVE',450);
INSERT INTO ENFERMERO (ID,NOMBRE,APELLIDO,SALARIO) VALUES (3,'PETER','TRUJILLO',800);
INSERT INTO ENFERMERO (ID,NOMBRE,APELLIDO,SALARIO) VALUES (4,'MAIKITOL','DIAZ',500);
INSERT INTO ENFERMERO (ID,NOMBRE,APELLIDO,SALARIO) VALUES (5,'SYLVANNAS','BRISAVELOZ',850);
INSERT INTO ENFERMERO (ID,NOMBRE,APELLIDO,SALARIO) VALUES (6,'TYRANDE','REYES',700);
INSERT INTO ENFERMERO (ID,NOMBRE,APELLIDO,SALARIO) VALUES (7,'THRALL','PINEDA',500);
INSERT INTO ENFERMERO (ID,NOMBRE,APELLIDO,SALARIO) VALUES (8,'ANDUIN','MENDOZA',700);
INSERT INTO ENFERMERO (ID,NOMBRE,APELLIDO,SALARIO) VALUES (9,'ARTHAS','MENETHIL',750);
INSERT INTO ENFERMERO (ID,NOMBRE,APELLIDO,SALARIO) VALUES (10,'GENERAL','GARCH',750);
INSERT INTO MEDICOXENFERMERO (ID_MEDICO,ID_ENFERMERO) VALUES (6,1);
INSERT INTO MEDICOXENFERMERO (ID_MEDICO,ID_ENFERMERO) VALUES (7,2);
INSERT INTO MEDICOXENFERMERO (ID_MEDICO,ID_ENFERMERO) VALUES (9,3);
INSERT INTO MEDICOXENFERMERO (ID_MEDICO,ID_ENFERMERO) VALUES (11,8);
INSERT INTO MEDICOXENFERMERO (ID_MEDICO,ID_ENFERMERO) VALUES (15,9);
INSERT INTO MEDICOXENFERMERO (ID_MEDICO,ID_ENFERMERO) VALUES (6,6);
INSERT INTO MEDICOXENFERMERO (ID_MEDICO,ID_ENFERMERO) VALUES (15,7);
INSERT INTO MEDICOXENFERMERO (ID_MEDICO,ID_ENFERMERO) VALUES (15,4);
INSERT INTO MEDICOXENFERMERO (ID_MEDICO,ID_ENFERMERO) VALUES (15,5);
INSERT INTO MEDICOXENFERMERO (ID_MEDICO,ID_ENFERMERO) VALUES (15,10);
INSERT INTO ESPECIALIDAD (ID,NOMBRE) VALUES (1,'CARDIOLOGIA');
INSERT INTO ESPECIALIDAD (ID,NOMBRE) VALUES (2,'NEUROLOGIA');
INSERT INTO ESPECIALIDAD (ID,NOMBRE) VALUES (3,'ORTOPEDIA');
INSERT INTO ESPECIALIDAD (ID,NOMBRE) VALUES (4,'OPTOMETRIA');
INSERT INTO ESPECIALIDAD (ID,NOMBRE) VALUES (5,'RADIOLOGIA');
INSERT INTO ESPECIALIDAD (ID,NOMBRE) VALUES (6,'ODONTOLOGIA');
INSERT INTO ESPECIALIDAD (ID,NOMBRE) VALUES (7,'PODOMETRIA');
INSERT INTO ESPECIALIDAD (ID,NOMBRE) VALUES (8,'GINECOLOGIA');
INSERT INTO ESPECIALIDAD (ID,NOMBRE) VALUES (9,'PEDIATRIA');
INSERT INTO ESPECIALIDAD (ID,NOMBRE) VALUES (10,'UROLOGIA');
INSERT INTO ESPECIALIDAD (ID,NOMBRE) VALUES (11,'OTORRINOLARINGOLOGIA');
INSERT INTO ESPECIALIDAD (ID,NOMBRE) VALUES (12,'TRAUMATOLOGIA');
INSERT INTO ESPECIALIDAD (ID,NOMBRE) VALUES (13,'DERMATOLOGIA');
INSERT INTO ESPECIALIDAD (ID,NOMBRE) VALUES (14,'OSTEOLOGIA');
INSERT INTO ESPECIALIDAD (ID,NOMBRE) VALUES (15,'GERIATRIA');
INSERT INTO ESPECIALIDADXMEDICO (ID_MEDICO,ID_ESPECIALIDAD) VALUES (1,15);
INSERT INTO ESPECIALIDADXMEDICO (ID_MEDICO,ID_ESPECIALIDAD) VALUES (2,4);
INSERT INTO ESPECIALIDADXMEDICO (ID_MEDICO,ID_ESPECIALIDAD) VALUES (3,8);
INSERT INTO ESPECIALIDADXMEDICO (ID_MEDICO,ID_ESPECIALIDAD) VALUES (4,1);
INSERT INTO ESPECIALIDADXMEDICO (ID_MEDICO,ID_ESPECIALIDAD) VALUES (5,7);
INSERT INTO ESPECIALIDADXMEDICO (ID_MEDICO,ID_ESPECIALIDAD) VALUES (6,2);
INSERT INTO ESPECIALIDADXMEDICO (ID_MEDICO,ID_ESPECIALIDAD) VALUES (6,5);
INSERT INTO ESPECIALIDADXMEDICO (ID_MEDICO,ID_ESPECIALIDAD) VALUES (6,15);
INSERT INTO ESPECIALIDADXMEDICO (ID_MEDICO,ID_ESPECIALIDAD) VALUES (7,1);
INSERT INTO ESPECIALIDADXMEDICO (ID_MEDICO,ID_ESPECIALIDAD) VALUES (7,2);
INSERT INTO ESPECIALIDADXMEDICO (ID_MEDICO,ID_ESPECIALIDAD) VALUES (8,6);
INSERT INTO ESPECIALIDADXMEDICO (ID_MEDICO,ID_ESPECIALIDAD) VALUES (9,7);
INSERT INTO ESPECIALIDADXMEDICO (ID_MEDICO,ID_ESPECIALIDAD) VALUES (9,12);
INSERT INTO ESPECIALIDADXMEDICO (ID_MEDICO,ID_ESPECIALIDAD) VALUES (9,3);
INSERT INTO ESPECIALIDADXMEDICO (ID_MEDICO,ID_ESPECIALIDAD) VALUES (10,15);
INSERT INTO ESPECIALIDADXMEDICO (ID_MEDICO,ID_ESPECIALIDAD) VALUES (11,9);
INSERT INTO ESPECIALIDADXMEDICO (ID_MEDICO,ID_ESPECIALIDAD) VALUES (11,4);
INSERT INTO ESPECIALIDADXMEDICO (ID_MEDICO,ID_ESPECIALIDAD) VALUES (12,5);
INSERT INTO ESPECIALIDADXMEDICO (ID_MEDICO,ID_ESPECIALIDAD) VALUES (13,9);
INSERT INTO ESPECIALIDADXMEDICO (ID_MEDICO,ID_ESPECIALIDAD) VALUES (14,12);
INSERT INTO ESPECIALIDADXMEDICO (ID_MEDICO,ID_ESPECIALIDAD) VALUES (15,2);
INSERT INTO ESPECIALIDADXMEDICO (ID_MEDICO,ID_ESPECIALIDAD) VALUES (15,5);
INSERT INTO ESPECIALIDADXMEDICO (ID_MEDICO,ID_ESPECIALIDAD) VALUES (15,12);
INSERT INTO ESPECIALIDADXMEDICO (ID_MEDICO,ID_ESPECIALIDAD) VALUES (15,15);
INSERT INTO ESPECIALIDADXMEDICO (ID_MEDICO,ID_ESPECIALIDAD) VALUES (16,14);
INSERT INTO ESPECIALIDADXMEDICO (ID_MEDICO,ID_ESPECIALIDAD) VALUES (17,3);
INSERT INTO ESPECIALIDADXMEDICO (ID_MEDICO,ID_ESPECIALIDAD) VALUES (18,13);
INSERT INTO ESPECIALIDADXMEDICO (ID_MEDICO,ID_ESPECIALIDAD) VALUES (19,6);
INSERT INTO ESPECIALIDADXMEDICO (ID_MEDICO,ID_ESPECIALIDAD) VALUES (20,1);
INSERT INTO SEGURO (ID,NOMBRE,DIRECCION,CIUDAD_ID) VALUES (1,'SURA','CRA 43B #16 95 Oficina 202',2);
INSERT INTO SEGURO (ID,NOMBRE,DIRECCION,CIUDAD_ID) VALUES (2,'PORVENIR','CRA 13 #53-45',1);
INSERT INTO SEGURO (ID,NOMBRE,DIRECCION,CIUDAD_ID) VALUES (3,'AXA COLPATRIA','CLL 31 # 58 -38',4);
INSERT INTO SEGURO (ID,NOMBRE,DIRECCION,CIUDAD_ID) VALUES (4,'LA EQUIDAD','CRA 70c ##80-48',1);
INSERT INTO SEGURO (ID,NOMBRE,DIRECCION,CIUDAD_ID) VALUES (5,'BOLIVAR','CLL 44 #69 - 06',2);
INSERT INTO SEGURO (ID,NOMBRE,DIRECCION,CIUDAD_ID) VALUES (6,'LIBERTY','CLL 17A SUR #44214',2);
INSERT INTO SEGURO (ID,NOMBRE,DIRECCION,CIUDAD_ID) VALUES (7,'COLMENA','CLL 52 NORTE #5B-102',3);
INSERT INTO SEGURO (ID,NOMBRE,DIRECCION,CIUDAD_ID) VALUES (8,'POSITIVA','CRA 5 #23-131',5);
INSERT INTO PACIENTE (ID,NOMBRE,APELLIDO,FECHA_NACIMIENTO,CIUDAD,SEGURO) VALUES (1,'JHON','SABOGAL',TO_DATE('JUL 24,1997', 'MON DD,YYYY'),1,4);
INSERT INTO PACIENTE (ID,NOMBRE,APELLIDO,FECHA_NACIMIENTO,CIUDAD,SEGURO) VALUES (2,'WEED','SUAREZ',TO_DATE('JUN 15,1993', 'MON DD,YYYY'),2,1);
INSERT INTO PACIENTE (ID,NOMBRE,APELLIDO,FECHA_NACIMIENTO,CIUDAD,SEGURO) VALUES (3,'WALTER','WHITE',TO_DATE('SEP 15,1990', 'MON DD,YYYY'),1,2);
INSERT INTO PACIENTE (ID,NOMBRE,APELLIDO,FECHA_NACIMIENTO,CIUDAD,SEGURO) VALUES (4,'KARLA','LINAN',TO_DATE('JAN 22,1997', 'MON DD,YYYY'),2,1);
INSERT INTO PACIENTE (ID,NOMBRE,APELLIDO,FECHA_NACIMIENTO,CIUDAD,SEGURO) VALUES (5,'MARYORI','LOPEZ',TO_DATE('FEB 1,1970', 'MON DD,YYYY'),1,4);
INSERT INTO PACIENTE (ID,NOMBRE,APELLIDO,FECHA_NACIMIENTO,CIUDAD,SEGURO) VALUES (6,'JUAN','MORALES',TO_DATE('MAR 9,1985', 'MON DD,YYYY'),5,8);
INSERT INTO PACIENTE (ID,NOMBRE,APELLIDO,FECHA_NACIMIENTO,CIUDAD,SEGURO) VALUES (7,'SEBASTIAN','ZAPATA',TO_DATE('OCT 31,1989', 'MON DD,YYYY'),3,7);
INSERT INTO PACIENTE (ID,NOMBRE,APELLIDO,FECHA_NACIMIENTO,CIUDAD,SEGURO) VALUES (8,'ADRIAN','ALVAREZ',TO_DATE('DEC 2,2000', 'MON DD,YYYY'),4,3);
INSERT INTO PACIENTE (ID,NOMBRE,APELLIDO,FECHA_NACIMIENTO,CIUDAD,SEGURO) VALUES (9,'ALEJANDRO','DIAZ',TO_DATE('AUG 8,2010', 'MON DD,YYYY'),2,5);
INSERT INTO PACIENTE (ID,NOMBRE,APELLIDO,FECHA_NACIMIENTO,CIUDAD,SEGURO) VALUES (10,'KAREN','ISLAS',TO_DATE('NOV 5,1998', 'MON DD,YYYY'),2,1);
INSERT INTO PACIENTE (ID,NOMBRE,APELLIDO,FECHA_NACIMIENTO,CIUDAD,SEGURO) VALUES (11,'SEBASTIAN','VELEZ',TO_DATE('SEP 22,1983', 'MON DD,YYYY'),2,6);
INSERT INTO PACIENTE (ID,NOMBRE,APELLIDO,FECHA_NACIMIENTO,CIUDAD,SEGURO) VALUES (12,'LYNDA','PARRA',TO_DATE('JAN 5,1995', 'MON DD,YYYY'),2,5);
INSERT INTO PACIENTE (ID,NOMBRE,APELLIDO,FECHA_NACIMIENTO,CIUDAD,SEGURO) VALUES (13,'SAMUEL','ARROYAVE',TO_DATE('APR 24,1997', 'MON DD,YYYY'),3,7);
INSERT INTO PACIENTE (ID,NOMBRE,APELLIDO,FECHA_NACIMIENTO,CIUDAD,SEGURO) VALUES (14,'SAMUEL','INFANTE',TO_DATE('OCT 26,1991', 'MON DD,YYYY'),2,1);
INSERT INTO PACIENTE (ID,NOMBRE,APELLIDO,FECHA_NACIMIENTO,CIUDAD,SEGURO) VALUES (15,'EMILIO','GAVIRIA',TO_DATE('DEC 7,1995', 'MON DD,YYYY'),5,8);
INSERT INTO PACIENTE (ID,NOMBRE,APELLIDO,FECHA_NACIMIENTO,CIUDAD,SEGURO) VALUES (16,'JHON','VARGAS',TO_DATE('JUN 4,1991', 'MON DD,YYYY'),4,3);
INSERT INTO PACIENTE (ID,NOMBRE,APELLIDO,FECHA_NACIMIENTO,CIUDAD,SEGURO) VALUES (17,'TATIANA','MENDEZ',TO_DATE('FEB 14,1998', 'MON DD,YYYY'),2,1);
INSERT INTO PACIENTE (ID,NOMBRE,APELLIDO,FECHA_NACIMIENTO,CIUDAD,SEGURO) VALUES (18,'SARA','BARAHONA',TO_DATE('SEP 18,1992', 'MON DD,YYYY'),2,5);
INSERT INTO PACIENTE (ID,NOMBRE,APELLIDO,FECHA_NACIMIENTO,CIUDAD,SEGURO) VALUES (19,'JULIAN','RAMIREZ',TO_DATE('FEB 2,2005', 'MON DD,YYYY'),2,6);
INSERT INTO PACIENTE (ID,NOMBRE,APELLIDO,FECHA_NACIMIENTO,CIUDAD,SEGURO) VALUES (20,'HAROLD','JOJOA',TO_DATE('APR 1,1983', 'MON DD,YYYY'),3,7);
INSERT INTO PACIENTE (ID,NOMBRE,APELLIDO,FECHA_NACIMIENTO,CIUDAD,SEGURO) VALUES (21,'VALERIA','ALMONACID',TO_DATE('MAY 15,1950', 'MON DD,YYYY'),2,1);
INSERT INTO PACIENTE (ID,NOMBRE,APELLIDO,FECHA_NACIMIENTO,CIUDAD,SEGURO) VALUES (22,'FELIPE','DAZA',TO_DATE('FEB 28,1967', 'MON DD,YYYY'),2,6);
INSERT INTO PACIENTE (ID,NOMBRE,APELLIDO,FECHA_NACIMIENTO,CIUDAD,SEGURO) VALUES (23,'NICOLL','LOPEZ',TO_DATE('APR 5,1952', 'MON DD,YYYY'),5,8);
INSERT INTO PACIENTE (ID,NOMBRE,APELLIDO,FECHA_NACIMIENTO,CIUDAD,SEGURO) VALUES (24,'VIVIAN','URREGO',TO_DATE('OCT 6,1982', 'MON DD,YYYY'),4,3);
INSERT INTO PACIENTE (ID,NOMBRE,APELLIDO,FECHA_NACIMIENTO,CIUDAD,SEGURO) VALUES (25,'DANIEL','LAVERDE',TO_DATE('MAR 28,1999', 'MON DD,YYYY'),2,5);
INSERT INTO PACIENTE (ID,NOMBRE,APELLIDO,FECHA_NACIMIENTO,CIUDAD,SEGURO) VALUES (26,'MANUELA','CORTES',TO_DATE('APR 6,1963', 'MON DD,YYYY'),1,4);
INSERT INTO PACIENTE (ID,NOMBRE,APELLIDO,FECHA_NACIMIENTO,CIUDAD,SEGURO) VALUES (27,'SIMON','GOMEZ',TO_DATE('NOV 15,1990', 'MON DD,YYYY'),1,2);
INSERT INTO PACIENTE (ID,NOMBRE,APELLIDO,FECHA_NACIMIENTO,CIUDAD,SEGURO) VALUES (28,'INGRID','CAROLINA',TO_DATE('JUN 24,1977', 'MON DD,YYYY'),1,2);
INSERT INTO PACIENTE (ID,NOMBRE,APELLIDO,FECHA_NACIMIENTO,CIUDAD,SEGURO) VALUES (29,'ALEJANDRO','QUIROGA',TO_DATE('JUN 15,1993', 'MON DD,YYYY'),2,1);
INSERT INTO PACIENTE (ID,NOMBRE,APELLIDO,FECHA_NACIMIENTO,CIUDAD,SEGURO) VALUES (30,'JULIO','CESAR',TO_DATE('SEP 15,1990', 'MON DD,YYYY'),1,4);
INSERT INTO PACIENTE (ID,NOMBRE,APELLIDO,FECHA_NACIMIENTO,CIUDAD,SEGURO) VALUES (31,'ISABELL','DIAZ',TO_DATE('JAN 1,2010', 'MON DD,YYYY'),2,1);
INSERT INTO PACIENTE (ID,NOMBRE,APELLIDO,FECHA_NACIMIENTO,CIUDAD,SEGURO) VALUES (32,'ESTEBAN','JARAMILLO',TO_DATE('JUN 15,1993', 'MON DD,YYYY'),2,1);
INSERT INTO PACIENTE (ID,NOMBRE,APELLIDO,FECHA_NACIMIENTO,CIUDAD,SEGURO) VALUES (33,'WALTER','WHITE',TO_DATE('SEP 15,1990', 'MON DD,YYYY'),1,2);
INSERT INTO PACIENTE (ID,NOMBRE,APELLIDO,FECHA_NACIMIENTO,CIUDAD,SEGURO) VALUES (34,'ANGIE','FERNANDEZ',TO_DATE('AUG 22,2006', 'MON DD,YYYY'),5,8);
INSERT INTO PACIENTE (ID,NOMBRE,APELLIDO,FECHA_NACIMIENTO,CIUDAD,SEGURO) VALUES (35,'RICARDO','PORRAS',TO_DATE('FEB 6,2002', 'MON DD,YYYY'),3,7);
INSERT INTO PACIENTE (ID,NOMBRE,APELLIDO,FECHA_NACIMIENTO,CIUDAD,SEGURO) VALUES (36,'SEBASTIAN','LOPEZ',TO_DATE('OCT 26,2001', 'MON DD,YYYY'),4,3);
INSERT INTO PACIENTE (ID,NOMBRE,APELLIDO,FECHA_NACIMIENTO,CIUDAD,SEGURO) VALUES (37,'ANDRES','HERRERA',TO_DATE('SEP 17,1956', 'MON DD,YYYY'),3,7);
INSERT INTO PACIENTE (ID,NOMBRE,APELLIDO,FECHA_NACIMIENTO,CIUDAD,SEGURO) VALUES (38,'EIMY','BEDOYA',TO_DATE('MAR 5,2000', 'MON DD,YYYY'),2,5);
INSERT INTO PACIENTE (ID,NOMBRE,APELLIDO,FECHA_NACIMIENTO,CIUDAD,SEGURO) VALUES (39,'CAMILA','GRIMALDO',TO_DATE('JAN 25,2015', 'MON DD,YYYY'),1,2);
INSERT INTO PACIENTE (ID,NOMBRE,APELLIDO,FECHA_NACIMIENTO,CIUDAD,SEGURO) VALUES (40,'ARMANDO','TREVIÑO',TO_DATE('JUL 24,1997', 'MON DD,YYYY'),1,1);
INSERT INTO PACIENTE (ID,NOMBRE,APELLIDO,FECHA_NACIMIENTO,CIUDAD,SEGURO) VALUES (41,'DANIELA','BARACALDO',TO_DATE('MAR 25,1993', 'MON DD,YYYY'),2,1);
INSERT INTO PACIENTE (ID,NOMBRE,APELLIDO,FECHA_NACIMIENTO,CIUDAD,SEGURO) VALUES (42,'JOHN','JAIRO',TO_DATE('AUG 25,2010', 'MON DD,YYYY'),1,2);
INSERT INTO PACIENTE (ID,NOMBRE,APELLIDO,FECHA_NACIMIENTO,CIUDAD,SEGURO) VALUES (43,'JAIME','PINEDA',TO_DATE('JAN 14,1999', 'MON DD,YYYY'),4,3);
INSERT INTO PACIENTE (ID,NOMBRE,APELLIDO,FECHA_NACIMIENTO,CIUDAD,SEGURO) VALUES (44,'SEBASTIAN','SABOGAL',TO_DATE('SEP 8,2002', 'MON DD,YYYY'),5,8);
INSERT INTO PACIENTE (ID,NOMBRE,APELLIDO,FECHA_NACIMIENTO,CIUDAD,SEGURO) VALUES (45,'LUISA','CARDONA',TO_DATE('NOV 27,1968', 'MON DD,YYYY'),3,7);
INSERT INTO PACIENTE (ID,NOMBRE,APELLIDO,FECHA_NACIMIENTO,CIUDAD,SEGURO) VALUES (46,'JUAN','BUITRAGO',TO_DATE('APR 24,1997', 'MON DD,YYYY'),2,1);
INSERT INTO PACIENTE (ID,NOMBRE,APELLIDO,FECHA_NACIMIENTO,CIUDAD,SEGURO) VALUES (47,'YESID','PEREZ',TO_DATE('MAR 5,2020', 'MON DD,YYYY'),2,6);
INSERT INTO PACIENTE (ID,NOMBRE,APELLIDO,FECHA_NACIMIENTO,CIUDAD,SEGURO) VALUES (48,'CAMILO','LOPEZ',TO_DATE('MAY 15,1998', 'MON DD,YYYY'),1,2);
INSERT INTO PACIENTE (ID,NOMBRE,APELLIDO,FECHA_NACIMIENTO,CIUDAD,SEGURO) VALUES (49,'STEVEN','BALLESTEROS',TO_DATE('DEC 24,1987', 'MON DD,YYYY'),3,7);
INSERT INTO PACIENTE (ID,NOMBRE,APELLIDO,FECHA_NACIMIENTO,CIUDAD,SEGURO) VALUES (50,'CAMILA','CALLIRES',TO_DATE('NOV 28,2016', 'MON DD,YYYY'),1,4);
INSERT INTO PACIENTE (ID,NOMBRE,APELLIDO,FECHA_NACIMIENTO,CIUDAD,SEGURO) VALUES (51,'CARLOS','MARTINEZ',TO_DATE('SEP 6,2005', 'MON DD,YYYY'),2,6);
INSERT INTO PACIENTE (ID,NOMBRE,APELLIDO,FECHA_NACIMIENTO,CIUDAD,SEGURO) VALUES (52,'LAURA','PAEZ',TO_DATE('AUG 6,1982', 'MON DD,YYYY'),2,5);
INSERT INTO PACIENTE (ID,NOMBRE,APELLIDO,FECHA_NACIMIENTO,CIUDAD,SEGURO) VALUES (53,'ANDREA','PEÑA',TO_DATE('JUN 15,1993', 'MON DD,YYYY'),2,1);
INSERT INTO PACIENTE (ID,NOMBRE,APELLIDO,FECHA_NACIMIENTO,CIUDAD,SEGURO) VALUES (54,'SEBASTIAN','LANDINEZ',TO_DATE('JAN 25,1998', 'MON DD,YYYY'),1,4);
INSERT INTO PACIENTE (ID,NOMBRE,APELLIDO,FECHA_NACIMIENTO,CIUDAD,SEGURO) VALUES (55,'CESAR','LANCHEROS',TO_DATE('JUL 24,1997', 'MON DD,YYYY'),1,2);
INSERT INTO PACIENTE (ID,NOMBRE,APELLIDO,FECHA_NACIMIENTO,CIUDAD,SEGURO) VALUES (56,'CRISTIAN','ARIAS',TO_DATE('MAR 8,1989', 'MON DD,YYYY'),2,1);
INSERT INTO PACIENTE (ID,NOMBRE,APELLIDO,FECHA_NACIMIENTO,CIUDAD,SEGURO) VALUES (57,'MAICOL','QUIROS',TO_DATE('APR 8,1998', 'MON DD,YYYY'),3,7);
INSERT INTO PACIENTE (ID,NOMBRE,APELLIDO,FECHA_NACIMIENTO,CIUDAD,SEGURO) VALUES (58,'ERIKA','INFANTE',TO_DATE('JUN 2,1987', 'MON DD,YYYY'),4,3);
INSERT INTO PACIENTE (ID,NOMBRE,APELLIDO,FECHA_NACIMIENTO,CIUDAD,SEGURO) VALUES (59,'ALEJANDRO','SUAREZ',TO_DATE('FEB 7,1952', 'MON DD,YYYY'),2,1);
INSERT INTO PACIENTE (ID,NOMBRE,APELLIDO,FECHA_NACIMIENTO,CIUDAD,SEGURO) VALUES (60,'JENNIFER','LOPEZ',TO_DATE('AUG 22,1990', 'MON DD,YYYY'),3,7);
INSERT INTO PACIENTE (ID,NOMBRE,APELLIDO,FECHA_NACIMIENTO,CIUDAD,SEGURO) VALUES (61,'BERNARDO','OSPINA',TO_DATE('MAR 2,1992', 'MON DD,YYYY'),4,3);
INSERT INTO PACIENTE (ID,NOMBRE,APELLIDO,FECHA_NACIMIENTO,CIUDAD,SEGURO) VALUES (62,'LORENA','CARDENAS',TO_DATE('FEB 15,1993', 'MON DD,YYYY'),2,1);
INSERT INTO PACIENTE (ID,NOMBRE,APELLIDO,FECHA_NACIMIENTO,CIUDAD,SEGURO) VALUES (63,'BRAYAN','SALCEDO',TO_DATE('MAY 15,1990', 'MON DD,YYYY'),1,4);
INSERT INTO PACIENTE (ID,NOMBRE,APELLIDO,FECHA_NACIMIENTO,CIUDAD,SEGURO) VALUES (64,'JOSE','JAIMES',TO_DATE('JUN 24,1995', 'MON DD,YYYY'),2,5);
INSERT INTO PACIENTE (ID,NOMBRE,APELLIDO,FECHA_NACIMIENTO,CIUDAD,SEGURO) VALUES (65,'ALEJANDRO','PACHECO',TO_DATE('MAY 15,1993', 'MON DD,YYYY'),2,1);
INSERT INTO PACIENTE (ID,NOMBRE,APELLIDO,FECHA_NACIMIENTO,CIUDAD,SEGURO) VALUES (66,'DANNA','GARCIA',TO_DATE('SEP 15,1991', 'MON DD,YYYY'),2,5);
INSERT INTO PACIENTE (ID,NOMBRE,APELLIDO,FECHA_NACIMIENTO,CIUDAD,SEGURO) VALUES (67,'KEVIN','ACEVEDO',TO_DATE('MAY 15,2012', 'MON DD,YYYY'),3,7);
INSERT INTO PACIENTE (ID,NOMBRE,APELLIDO,FECHA_NACIMIENTO,CIUDAD,SEGURO) VALUES (68,'VIVIANA','ORTIZ',TO_DATE('AUG 5,1967', 'MON DD,YYYY'),4,3);
INSERT INTO PACIENTE (ID,NOMBRE,APELLIDO,FECHA_NACIMIENTO,CIUDAD,SEGURO) VALUES (69,'KATALINA','GAMA',TO_DATE('MAY 1,2000', 'MON DD,YYYY'),2,1);
INSERT INTO PACIENTE (ID,NOMBRE,APELLIDO,FECHA_NACIMIENTO,CIUDAD,SEGURO) VALUES (70,'LISETH','PEREZ',TO_DATE('MAY 18,2009', 'MON DD,YYYY'),1,4);
INSERT INTO SEDE (ID,NOMBRE,DIRECCION,CIUDAD_ID) VALUES (1,'ColSanitas Calleja','Av Cll 127 # 20-16',1);
INSERT INTO SEDE (ID,NOMBRE,DIRECCION,CIUDAD_ID) VALUES (2,'Coomeva Ciudad Salitre','Dg. 22B # 68 C-25',1);
INSERT INTO SEDE (ID,NOMBRE,DIRECCION,CIUDAD_ID) VALUES (3,'ColSanitas Medellin','Cll 16 sur # 44-08',2);
INSERT INTO SEDE (ID,NOMBRE,DIRECCION,CIUDAD_ID) VALUES (4,'Coomeva Cedritos','Cll 150 # 16-56',1);
INSERT INTO SEDE (ID,NOMBRE,DIRECCION,CIUDAD_ID) VALUES (5,'EPS Pedro de Heredia','Av. Pedro De Heredia ##31-124',5);
INSERT INTO SEDE (ID,NOMBRE,DIRECCION,CIUDAD_ID) VALUES (6,'Coomeva Restrepo','Cra. 24 #15-16 Sur',1);
INSERT INTO SEDE (ID,NOMBRE,DIRECCION,CIUDAD_ID) VALUES (7,'Bienestar IPS','Cl. 24 ##10B-47',5);
INSERT INTO SEDE (ID,NOMBRE,DIRECCION,CIUDAD_ID) VALUES (8,'Clinica del Occidente','Av. de las Américas #71C-29',1);
INSERT INTO SEDE (ID,NOMBRE,DIRECCION,CIUDAD_ID) VALUES (9,'Hospital de Kennedy','Av. 1 de Mayo #40B-54',1);
INSERT INTO SEDE (ID,NOMBRE,DIRECCION,CIUDAD_ID) VALUES (10,'Clinica de Fracturas','Av. 1 de Mayo #40B-54',2);
INSERT INTO SEDE (ID,NOMBRE,DIRECCION,CIUDAD_ID) VALUES (11,'Clinica el Rosario','Cra. 20 #2 Sur 185',2);
INSERT INTO SEDE (ID,NOMBRE,DIRECCION,CIUDAD_ID) VALUES (12,'Clinica Versalles','Av. 5a Norte. ##23N-46/57',3);
INSERT INTO SEDE (ID,NOMBRE,DIRECCION,CIUDAD_ID) VALUES (13,'Clinica la Esperanza','Cl. 9 #44-105',3);
INSERT INTO SEDE (ID,NOMBRE,DIRECCION,CIUDAD_ID) VALUES (14,'Clinica Estetica','Carrera 20 # 15 - 110',4);
INSERT INTO SEDE (ID,NOMBRE,DIRECCION,CIUDAD_ID) VALUES (15,'Clinica la Castellana','Carrera 8 Calle 7',4);
INSERT INTO PISO (ID,NUMERO_PISO,DESCRIPCION,ID_SEDE) VALUES (1,1,'Recepcion',1);
INSERT INTO PISO (ID,NUMERO_PISO,DESCRIPCION,ID_SEDE) VALUES (2,1,'Recepcion',2);
INSERT INTO PISO (ID,NUMERO_PISO,DESCRIPCION,ID_SEDE) VALUES (3,1,'Recepcion',3);
INSERT INTO PISO (ID,NUMERO_PISO,DESCRIPCION,ID_SEDE) VALUES (4,1,'Recepcion',4);
INSERT INTO PISO (ID,NUMERO_PISO,DESCRIPCION,ID_SEDE) VALUES (5,1,'Recepcion',5);
INSERT INTO PISO (ID,NUMERO_PISO,DESCRIPCION,ID_SEDE) VALUES (6,1,'Recepcion',6);
INSERT INTO PISO (ID,NUMERO_PISO,DESCRIPCION,ID_SEDE) VALUES (7,1,'Recepcion',7);
INSERT INTO PISO (ID,NUMERO_PISO,DESCRIPCION,ID_SEDE) VALUES (8,1,'Recepcion',8);
INSERT INTO PISO (ID,NUMERO_PISO,DESCRIPCION,ID_SEDE) VALUES (9,1,'Recepcion',9);
INSERT INTO PISO (ID,NUMERO_PISO,DESCRIPCION,ID_SEDE) VALUES (10,1,'Recepcion',10);
INSERT INTO PISO (ID,NUMERO_PISO,DESCRIPCION,ID_SEDE) VALUES (11,1,'Recepcion',11);
INSERT INTO PISO (ID,NUMERO_PISO,DESCRIPCION,ID_SEDE) VALUES (12,1,'Recepcion',12);
INSERT INTO PISO (ID,NUMERO_PISO,DESCRIPCION,ID_SEDE) VALUES (13,1,'Recepcion',13);
INSERT INTO PISO (ID,NUMERO_PISO,DESCRIPCION,ID_SEDE) VALUES (14,1,'Recepcion',14);
INSERT INTO PISO (ID,NUMERO_PISO,DESCRIPCION,ID_SEDE) VALUES (15,1,'Recepcion',15);
INSERT INTO PISO (ID,NUMERO_PISO,DESCRIPCION,ID_SEDE) VALUES (16,1,'Urgencias',8);
INSERT INTO PISO (ID,NUMERO_PISO,DESCRIPCION,ID_SEDE) VALUES (17,1,'Urgencias',10);
INSERT INTO PISO (ID,NUMERO_PISO,DESCRIPCION,ID_SEDE) VALUES (18,1,'Urgencias',12);
INSERT INTO PISO (ID,NUMERO_PISO,DESCRIPCION,ID_SEDE) VALUES (19,1,'Urgencias',5);
INSERT INTO PISO (ID,NUMERO_PISO,DESCRIPCION,ID_SEDE) VALUES (20,1,'Urgencias',15);
INSERT INTO PISO (ID,NUMERO_PISO,DESCRIPCION,ID_SEDE) VALUES (21,2,'Odontologia',3);
INSERT INTO PISO (ID,NUMERO_PISO,DESCRIPCION,ID_SEDE) VALUES (22,4,'Odontologia',1);
INSERT INTO PISO (ID,NUMERO_PISO,DESCRIPCION,ID_SEDE) VALUES (23,2,'Odontologia',1);
INSERT INTO PISO (ID,NUMERO_PISO,DESCRIPCION,ID_SEDE) VALUES (24,3,'Odontologia',1);
INSERT INTO PISO (ID,NUMERO_PISO,DESCRIPCION,ID_SEDE) VALUES (25,2,'Odontologia',1);
INSERT INTO PISO (ID,NUMERO_PISO,DESCRIPCION,ID_SEDE) VALUES (26,2,'Odontologia',1);
INSERT INTO PISO (ID,NUMERO_PISO,DESCRIPCION,ID_SEDE) VALUES (27,3,'Odontologia',1);
INSERT INTO PISO (ID,NUMERO_PISO,DESCRIPCION,ID_SEDE) VALUES (28,4,'Consultorio General',1);
INSERT INTO PISO (ID,NUMERO_PISO,DESCRIPCION,ID_SEDE) VALUES (29,2,'Consultorio General',1);
INSERT INTO PISO (ID,NUMERO_PISO,DESCRIPCION,ID_SEDE) VALUES (30,3,'Consultorio General',1);
INSERT INTO PISO (ID,NUMERO_PISO,DESCRIPCION,ID_SEDE) VALUES (31,4,'Consultorio General',1);
INSERT INTO PISO (ID,NUMERO_PISO,DESCRIPCION,ID_SEDE) VALUES (32,5,'Consultorio General',1);
INSERT INTO PISO (ID,NUMERO_PISO,DESCRIPCION,ID_SEDE) VALUES (33,2,'Consultorio General',1);
INSERT INTO PISO (ID,NUMERO_PISO,DESCRIPCION,ID_SEDE) VALUES (34,6,'Consultorio General',1);
INSERT INTO PISO (ID,NUMERO_PISO,DESCRIPCION,ID_SEDE) VALUES (35,2,'Consultorio General',1);
INSERT INTO PISO (ID,NUMERO_PISO,DESCRIPCION,ID_SEDE) VALUES (36,1,'Consultorio General',1);
INSERT INTO PISO (ID,NUMERO_PISO,DESCRIPCION,ID_SEDE) VALUES (37,1,'Consultorio General',1);
INSERT INTO PISO (ID,NUMERO_PISO,DESCRIPCION,ID_SEDE) VALUES (38,1,'Consultorio General',1);
INSERT INTO PISO (ID,NUMERO_PISO,DESCRIPCION,ID_SEDE) VALUES (39,1,'Recepcion',1);
INSERT INTO PISO (ID,NUMERO_PISO,DESCRIPCION,ID_SEDE) VALUES (40,1,'Recepcion',1);
INSERT INTO PISO (ID,NUMERO_PISO,DESCRIPCION,ID_SEDE) VALUES (41,1,'Recepcion',1);
INSERT INTO PISO (ID,NUMERO_PISO,DESCRIPCION,ID_SEDE) VALUES (42,1,'Recepcion',1);
INSERT INTO PISO (ID,NUMERO_PISO,DESCRIPCION,ID_SEDE) VALUES (43,1,'Recepcion',1);
INSERT INTO PISO (ID,NUMERO_PISO,DESCRIPCION,ID_SEDE) VALUES (44,1,'Recepcion',1);
INSERT INTO PISO (ID,NUMERO_PISO,DESCRIPCION,ID_SEDE) VALUES (45,1,'Recepcion',1);
INSERT INTO PISO (ID,NUMERO_PISO,DESCRIPCION,ID_SEDE) VALUES (46,1,'Recepcion',1);
INSERT INTO PISO (ID,NUMERO_PISO,DESCRIPCION,ID_SEDE) VALUES (47,1,'Recepcion',1);
INSERT INTO PISO (ID,NUMERO_PISO,DESCRIPCION,ID_SEDE) VALUES (48,1,'Recepcion',1);
INSERT INTO PISO (ID,NUMERO_PISO,DESCRIPCION,ID_SEDE) VALUES (49,1,'Recepcion',1);
INSERT INTO PISO (ID,NUMERO_PISO,DESCRIPCION,ID_SEDE) VALUES (50,1,'Recepcion',1);
INSERT INTO CONSULTORIO (ID,EQUIPO_ADICIONAL,ID_PISO) VALUES (1,'Equipo de Ortodoncia',21);
INSERT INTO CONSULTORIO (ID,EQUIPO_ADICIONAL,ID_PISO) VALUES (2,'Equipo de Ortodoncia',4);
INSERT INTO CONSULTORIO (ID,EQUIPO_ADICIONAL,ID_PISO) VALUES (3,'Equipo de Ortodoncia',4);
INSERT INTO CONSULTORIO (ID,EQUIPO_ADICIONAL,ID_PISO) VALUES (4,'Equipo de Ortodoncia',4);
INSERT INTO CONSULTORIO (ID,EQUIPO_ADICIONAL,ID_PISO) VALUES (5,'Equipo de Ortodoncia',4);
INSERT INTO CONSULTORIO (ID,EQUIPO_ADICIONAL,ID_PISO) VALUES (6,'Equipo de Radiologia',4);
INSERT INTO CONSULTORIO (ID,EQUIPO_ADICIONAL,ID_PISO) VALUES (7,'Equipo de Radiologia',4);
INSERT INTO CONSULTORIO (ID,EQUIPO_ADICIONAL,ID_PISO) VALUES (8,'Equipo de Radiologia',4);
INSERT INTO CONSULTORIO (ID,EQUIPO_ADICIONAL,ID_PISO) VALUES (9,'Equipo de Ortodoncia',4);
INSERT INTO CONSULTORIO (ID,EQUIPO_ADICIONAL,ID_PISO) VALUES (10,'Equipo de Ortodoncia',4);
INSERT INTO CONSULTORIO (ID,EQUIPO_ADICIONAL,ID_PISO) VALUES (11,'Equipo de Ortodoncia',4);
INSERT INTO CONSULTORIO (ID,EQUIPO_ADICIONAL,ID_PISO) VALUES (12,'Equipo de Ortodoncia',4);
INSERT INTO CONSULTORIO (ID,EQUIPO_ADICIONAL,ID_PISO) VALUES (13,'Equipo de Ortodoncia',4);
INSERT INTO CONSULTORIO (ID,EQUIPO_ADICIONAL,ID_PISO) VALUES (14,'Equipo de Ortodoncia',4);
INSERT INTO CONSULTORIO (ID,EQUIPO_ADICIONAL,ID_PISO) VALUES (15,'Equipo de Ortodoncia',4);
INSERT INTO CONSULTORIO (ID,EQUIPO_ADICIONAL,ID_PISO) VALUES (16,'Equipo de Ortodoncia',4);
INSERT INTO CONSULTORIO (ID,EQUIPO_ADICIONAL,ID_PISO) VALUES (17,'Equipo de Ortodoncia',4);
INSERT INTO CONSULTORIO (ID,EQUIPO_ADICIONAL,ID_PISO) VALUES (18,'Equipo de Ortodoncia',4);
INSERT INTO CONSULTORIO (ID,EQUIPO_ADICIONAL,ID_PISO) VALUES (19,'Equipo de Ortodoncia',4);
INSERT INTO CONSULTORIO (ID,EQUIPO_ADICIONAL,ID_PISO) VALUES (20,'Equipo de Ortodoncia',4);
INSERT INTO CONSULTORIO (ID,EQUIPO_ADICIONAL,ID_PISO) VALUES (21,'Equipo de Ortodoncia',4);
INSERT INTO CONSULTORIO (ID,EQUIPO_ADICIONAL,ID_PISO) VALUES (22,'Equipo de Ortodoncia',4);
INSERT INTO CONSULTORIO (ID,EQUIPO_ADICIONAL,ID_PISO) VALUES (23,'Equipo de Ortodoncia',4);
INSERT INTO CONSULTORIO (ID,EQUIPO_ADICIONAL,ID_PISO) VALUES (24,'Equipo de Ortodoncia',4);
INSERT INTO CONSULTORIO (ID,EQUIPO_ADICIONAL,ID_PISO) VALUES (25,'Equipo de Ortodoncia',4);
INSERT INTO CONSULTORIO (ID,EQUIPO_ADICIONAL,ID_PISO) VALUES (26,'Equipo de Ortodoncia',4);
INSERT INTO CONSULTORIO (ID,EQUIPO_ADICIONAL,ID_PISO) VALUES (27,'Equipo de Ortodoncia',4);
INSERT INTO CONSULTORIO (ID,EQUIPO_ADICIONAL,ID_PISO) VALUES (28,'Equipo de Ortodoncia',4);
INSERT INTO CONSULTORIO (ID,EQUIPO_ADICIONAL,ID_PISO) VALUES (29,'Equipo de Ortodoncia',4);
INSERT INTO CONSULTORIO (ID,EQUIPO_ADICIONAL,ID_PISO) VALUES (30,'Equipo de Ortodoncia',4);
INSERT INTO CITA (ID,FECHA_CITA,ID_MEDICO,ID_PACIENTE,ID_CIUDAD,ID_CONSULTORIO) VALUES (1,TO_DATE('OCT 30,2020', 'MON DD,YYYY'),1,6,1,1);
INSERT INTO CITA (ID,FECHA_CITA,ID_MEDICO,ID_PACIENTE,ID_CIUDAD,ID_CONSULTORIO) VALUES (2,TO_DATE('NOV 5,2018', 'MON DD,YYYY'),5,10,2,1);
INSERT INTO CITA (ID,FECHA_CITA,ID_MEDICO,ID_PACIENTE,ID_CIUDAD,ID_CONSULTORIO) VALUES (3,TO_DATE('JAN 8,2019', 'MON DD,YYYY'),8,2,1,1);
INSERT INTO CITA (ID,FECHA_CITA,ID_MEDICO,ID_PACIENTE,ID_CIUDAD,ID_CONSULTORIO) VALUES (4,TO_DATE('OCT 30,2020', 'MON DD,YYYY'),12,5,1,1);
INSERT INTO CITA (ID,FECHA_CITA,ID_MEDICO,ID_PACIENTE,ID_CIUDAD,ID_CONSULTORIO) VALUES (5,TO_DATE('OCT 30,2020', 'MON DD,YYYY'),9,8,1,1);
INSERT INTO CITA (ID,FECHA_CITA,ID_MEDICO,ID_PACIENTE,ID_CIUDAD,ID_CONSULTORIO) VALUES (6,TO_DATE('OCT 30,2020', 'MON DD,YYYY'),2,12,1,1);
INSERT INTO CITA (ID,FECHA_CITA,ID_MEDICO,ID_PACIENTE,ID_CIUDAD,ID_CONSULTORIO) VALUES (7,TO_DATE('OCT 30,2020', 'MON DD,YYYY'),1,38,1,1);
INSERT INTO CITA (ID,FECHA_CITA,ID_MEDICO,ID_PACIENTE,ID_CIUDAD,ID_CONSULTORIO) VALUES (8,TO_DATE('OCT 30,2020', 'MON DD,YYYY'),5,50,1,1);
INSERT INTO CITA (ID,FECHA_CITA,ID_MEDICO,ID_PACIENTE,ID_CIUDAD,ID_CONSULTORIO) VALUES (9,TO_DATE('OCT 30,2020', 'MON DD,YYYY'),7,12,1,1);
INSERT INTO CITA (ID,FECHA_CITA,ID_MEDICO,ID_PACIENTE,ID_CIUDAD,ID_CONSULTORIO) VALUES (10,TO_DATE('OCT 30,2020', 'MON DD,YYYY'),18,45,1,1);
INSERT INTO CITA (ID,FECHA_CITA,ID_MEDICO,ID_PACIENTE,ID_CIUDAD,ID_CONSULTORIO) VALUES (11,TO_DATE('OCT 30,2020', 'MON DD,YYYY'),10,21,1,1);
INSERT INTO CITA (ID,FECHA_CITA,ID_MEDICO,ID_PACIENTE,ID_CIUDAD,ID_CONSULTORIO) VALUES (12,TO_DATE('OCT 30,2020', 'MON DD,YYYY'),19,2,1,1);
INSERT INTO CITA (ID,FECHA_CITA,ID_MEDICO,ID_PACIENTE,ID_CIUDAD,ID_CONSULTORIO) VALUES (13,TO_DATE('OCT 30,2020', 'MON DD,YYYY'),20,65,1,1);
INSERT INTO CITA (ID,FECHA_CITA,ID_MEDICO,ID_PACIENTE,ID_CIUDAD,ID_CONSULTORIO) VALUES (14,TO_DATE('OCT 30,2020', 'MON DD,YYYY'),11,,1,1);
INSERT INTO CITA (ID,FECHA_CITA,ID_MEDICO,ID_PACIENTE,ID_CIUDAD,ID_CONSULTORIO) VALUES (15,TO_DATE('OCT 30,2020', 'MON DD,YYYY'),2,2,1,1);
INSERT INTO CITA (ID,FECHA_CITA,ID_MEDICO,ID_PACIENTE,ID_CIUDAD,ID_CONSULTORIO) VALUES (16,TO_DATE('OCT 30,2020', 'MON DD,YYYY'),7,2,1,1);
INSERT INTO CITA (ID,FECHA_CITA,ID_MEDICO,ID_PACIENTE,ID_CIUDAD,ID_CONSULTORIO) VALUES (17,TO_DATE('OCT 30,2020', 'MON DD,YYYY'),9,2,1,1);
INSERT INTO CITA (ID,FECHA_CITA,ID_MEDICO,ID_PACIENTE,ID_CIUDAD,ID_CONSULTORIO) VALUES (18,TO_DATE('OCT 30,2020', 'MON DD,YYYY'),15,2,1,1);
INSERT INTO CITA (ID,FECHA_CITA,ID_MEDICO,ID_PACIENTE,ID_CIUDAD,ID_CONSULTORIO) VALUES (19,TO_DATE('OCT 30,2020', 'MON DD,YYYY'),2,2,1,1);
INSERT INTO CITA (ID,FECHA_CITA,ID_MEDICO,ID_PACIENTE,ID_CIUDAD,ID_CONSULTORIO) VALUES (20,TO_DATE('OCT 30,2020', 'MON DD,YYYY'),4,2,1,1);
INSERT INTO CITA (ID,FECHA_CITA,ID_MEDICO,ID_PACIENTE,ID_CIUDAD,ID_CONSULTORIO) VALUES (21,TO_DATE('OCT 30,2020', 'MON DD,YYYY'),8,2,1,1);
INSERT INTO CITA (ID,FECHA_CITA,ID_MEDICO,ID_PACIENTE,ID_CIUDAD,ID_CONSULTORIO) VALUES (22,TO_DATE('OCT 30,2020', 'MON DD,YYYY'),9,2,1,1);
INSERT INTO CITA (ID,FECHA_CITA,ID_MEDICO,ID_PACIENTE,ID_CIUDAD,ID_CONSULTORIO) VALUES (23,TO_DATE('OCT 30,2020', 'MON DD,YYYY'),3,2,1,1);
INSERT INTO CITA (ID,FECHA_CITA,ID_MEDICO,ID_PACIENTE,ID_CIUDAD,ID_CONSULTORIO) VALUES (24,TO_DATE('OCT 30,2020', 'MON DD,YYYY'),14,2,1,1);
INSERT INTO CITA (ID,FECHA_CITA,ID_MEDICO,ID_PACIENTE,ID_CIUDAD,ID_CONSULTORIO) VALUES (25,TO_DATE('OCT 30,2020', 'MON DD,YYYY'),12,2,1,1);
INSERT INTO CITA (ID,FECHA_CITA,ID_MEDICO,ID_PACIENTE,ID_CIUDAD,ID_CONSULTORIO) VALUES (26,TO_DATE('OCT 30,2020', 'MON DD,YYYY'),17,2,1,1);
INSERT INTO CITA (ID,FECHA_CITA,ID_MEDICO,ID_PACIENTE,ID_CIUDAD,ID_CONSULTORIO) VALUES (27,TO_DATE('OCT 30,2020', 'MON DD,YYYY'),8,2,1,1);
INSERT INTO CITA (ID,FECHA_CITA,ID_MEDICO,ID_PACIENTE,ID_CIUDAD,ID_CONSULTORIO) VALUES (28,TO_DATE('OCT 30,2020', 'MON DD,YYYY'),15,2,1,1);
INSERT INTO CITA (ID,FECHA_CITA,ID_MEDICO,ID_PACIENTE,ID_CIUDAD,ID_CONSULTORIO) VALUES (29,TO_DATE('OCT 30,2020', 'MON DD,YYYY'),20,2,1,1);
INSERT INTO CITA (ID,FECHA_CITA,ID_MEDICO,ID_PACIENTE,ID_CIUDAD,ID_CONSULTORIO) VALUES (30,TO_DATE('OCT 30,2020', 'MON DD,YYYY'),19,2,1,1);
INSERT INTO CITA (ID,FECHA_CITA,ID_MEDICO,ID_PACIENTE,ID_CIUDAD,ID_CONSULTORIO) VALUES (31,TO_DATE('OCT 30,2020', 'MON DD,YYYY'),15,2,1,1);
INSERT INTO CITA (ID,FECHA_CITA,ID_MEDICO,ID_PACIENTE,ID_CIUDAD,ID_CONSULTORIO) VALUES (32,TO_DATE('OCT 30,2020', 'MON DD,YYYY'),1,2,1,1);
INSERT INTO CITA (ID,FECHA_CITA,ID_MEDICO,ID_PACIENTE,ID_CIUDAD,ID_CONSULTORIO) VALUES (33,TO_DATE('OCT 30,2020', 'MON DD,YYYY'),3,2,1,1);
INSERT INTO CITA (ID,FECHA_CITA,ID_MEDICO,ID_PACIENTE,ID_CIUDAD,ID_CONSULTORIO) VALUES (34,TO_DATE('OCT 30,2020', 'MON DD,YYYY'),7,2,1,1);
INSERT INTO CITA (ID,FECHA_CITA,ID_MEDICO,ID_PACIENTE,ID_CIUDAD,ID_CONSULTORIO) VALUES (35,TO_DATE('OCT 30,2020', 'MON DD,YYYY'),8,2,1,1);
INSERT INTO CITA (ID,FECHA_CITA,ID_MEDICO,ID_PACIENTE,ID_CIUDAD,ID_CONSULTORIO) VALUES (36,TO_DATE('OCT 30,2020', 'MON DD,YYYY'),2,2,1,1);
INSERT INTO CITA (ID,FECHA_CITA,ID_MEDICO,ID_PACIENTE,ID_CIUDAD,ID_CONSULTORIO) VALUES (37,TO_DATE('OCT 30,2020', 'MON DD,YYYY'),9,2,1,1);
INSERT INTO CITA (ID,FECHA_CITA,ID_MEDICO,ID_PACIENTE,ID_CIUDAD,ID_CONSULTORIO) VALUES (38,TO_DATE('OCT 30,2020', 'MON DD,YYYY'),2,2,1,1);
INSERT INTO CITA (ID,FECHA_CITA,ID_MEDICO,ID_PACIENTE,ID_CIUDAD,ID_CONSULTORIO) VALUES (39,TO_DATE('OCT 30,2020', 'MON DD,YYYY'),17,2,1,1);
INSERT INTO CITA (ID,FECHA_CITA,ID_MEDICO,ID_PACIENTE,ID_CIUDAD,ID_CONSULTORIO) VALUES (40,TO_DATE('OCT 30,2020', 'MON DD,YYYY'),14,2,1,1);
INSERT INTO DIAGNOSTICO (ID,DESCRIPCION_DIAG,ID_CITA) VALUES (1,'',1);
INSERT INTO DIAGNOSTICO (ID,DESCRIPCION_DIAG,ID_CITA) VALUES (2,'',1);
INSERT INTO DIAGNOSTICO (ID,DESCRIPCION_DIAG,ID_CITA) VALUES (3,'',1);
INSERT INTO DIAGNOSTICO (ID,DESCRIPCION_DIAG,ID_CITA) VALUES (4,'',1);
INSERT INTO DIAGNOSTICO (ID,DESCRIPCION_DIAG,ID_CITA) VALUES (5,'',1);
INSERT INTO DIAGNOSTICO (ID,DESCRIPCION_DIAG,ID_CITA) VALUES (6,'',1);
INSERT INTO DIAGNOSTICO (ID,DESCRIPCION_DIAG,ID_CITA) VALUES (7,'',1);
INSERT INTO DIAGNOSTICO (ID,DESCRIPCION_DIAG,ID_CITA) VALUES (8,'',1);
INSERT INTO DIAGNOSTICO (ID,DESCRIPCION_DIAG,ID_CITA) VALUES (9,'',1);
INSERT INTO DIAGNOSTICO (ID,DESCRIPCION_DIAG,ID_CITA) VALUES (10,'',1);
INSERT INTO DIAGNOSTICO (ID,DESCRIPCION_DIAG,ID_CITA) VALUES (11,'',1);
INSERT INTO DIAGNOSTICO (ID,DESCRIPCION_DIAG,ID_CITA) VALUES (12,'',1);
INSERT INTO DIAGNOSTICO (ID,DESCRIPCION_DIAG,ID_CITA) VALUES (13,'',1);
INSERT INTO DIAGNOSTICO (ID,DESCRIPCION_DIAG,ID_CITA) VALUES (14,'',1);
INSERT INTO DIAGNOSTICO (ID,DESCRIPCION_DIAG,ID_CITA) VALUES (15,'',1);
INSERT INTO DIAGNOSTICO (ID,DESCRIPCION_DIAG,ID_CITA) VALUES (16,'',1);
INSERT INTO DIAGNOSTICO (ID,DESCRIPCION_DIAG,ID_CITA) VALUES (17,'',1);
INSERT INTO DIAGNOSTICO (ID,DESCRIPCION_DIAG,ID_CITA) VALUES (18,'',1);
INSERT INTO DIAGNOSTICO (ID,DESCRIPCION_DIAG,ID_CITA) VALUES (19,'',1);
INSERT INTO DIAGNOSTICO (ID,DESCRIPCION_DIAG,ID_CITA) VALUES (20,'',1);
INSERT INTO MEDICAMENTO (ID,NOMBRE,DESCRIPCION_MED,FECHA_VENCIMIENTO,ID_DIAGNOSTICO) VALUES (1,'LAGRIMAS ARTIFICIALES','',TO_DATE('OCT 30,2020', 'MON DD,YYYY'),1);
INSERT INTO MEDICAMENTO (ID,NOMBRE,DESCRIPCION_MED,FECHA_VENCIMIENTO,ID_DIAGNOSTICO) VALUES (2,'PREGLABINA','',TO_DATE('OCT 30,2020', 'MON DD,YYYY'),1);
INSERT INTO MEDICAMENTO (ID,NOMBRE,DESCRIPCION_MED,FECHA_VENCIMIENTO,ID_DIAGNOSTICO) VALUES (3,'PARACETAMOL','',TO_DATE('OCT 30,2020', 'MON DD,YYYY'),1);
INSERT INTO MEDICAMENTO (ID,NOMBRE,DESCRIPCION_MED,FECHA_VENCIMIENTO,ID_DIAGNOSTICO) VALUES (4,'METFORMINA','',TO_DATE('OCT 30,2020', 'MON DD,YYYY'),1);
INSERT INTO MEDICAMENTO (ID,NOMBRE,DESCRIPCION_MED,FECHA_VENCIMIENTO,ID_DIAGNOSTICO) VALUES (5,'TAMSULOSINA','',TO_DATE('OCT 30,2020', 'MON DD,YYYY'),1);
INSERT INTO MEDICAMENTO (ID,NOMBRE,DESCRIPCION_MED,FECHA_VENCIMIENTO,ID_DIAGNOSTICO) VALUES (6,'','',TO_DATE('OCT 30,2020', 'MON DD,YYYY'),1);
INSERT INTO MEDICAMENTO (ID,NOMBRE,DESCRIPCION_MED,FECHA_VENCIMIENTO,ID_DIAGNOSTICO) VALUES (7,'','',TO_DATE('OCT 30,2020', 'MON DD,YYYY'),1);
INSERT INTO MEDICAMENTO (ID,NOMBRE,DESCRIPCION_MED,FECHA_VENCIMIENTO,ID_DIAGNOSTICO) VALUES (8,'','',TO_DATE('OCT 30,2020', 'MON DD,YYYY'),1);
INSERT INTO MEDICAMENTO (ID,NOMBRE,DESCRIPCION_MED,FECHA_VENCIMIENTO,ID_DIAGNOSTICO) VALUES (9,'','',TO_DATE('OCT 30,2020', 'MON DD,YYYY'),1);
INSERT INTO MEDICAMENTO (ID,NOMBRE,DESCRIPCION_MED,FECHA_VENCIMIENTO,ID_DIAGNOSTICO) VALUES (10,'','',TO_DATE('OCT 30,2020', 'MON DD,YYYY'),1);
INSERT INTO MEDICAMENTO (ID,NOMBRE,DESCRIPCION_MED,FECHA_VENCIMIENTO,ID_DIAGNOSTICO) VALUES (1,'','',TO_DATE('OCT 30,2020', 'MON DD,YYYY'),1);
INSERT INTO MEDICAMENTO (ID,NOMBRE,DESCRIPCION_MED,FECHA_VENCIMIENTO,ID_DIAGNOSTICO) VALUES (1,'','',TO_DATE('OCT 30,2020', 'MON DD,YYYY'),1);
INSERT INTO MEDICAMENTO (ID,NOMBRE,DESCRIPCION_MED,FECHA_VENCIMIENTO,ID_DIAGNOSTICO) VALUES (1,'','',TO_DATE('OCT 30,2020', 'MON DD,YYYY'),1);
INSERT INTO MEDICAMENTO (ID,NOMBRE,DESCRIPCION_MED,FECHA_VENCIMIENTO,ID_DIAGNOSTICO) VALUES (1,'','',TO_DATE('OCT 30,2020', 'MON DD,YYYY'),1);